delay_list,defect_list,delay_lengths_list,shipping_num_list,total_output_list,total_components_shipped_list
6,7485,33310.0248361507,8,2000,10415
4,4825,25793.56752202436,5,0,6975
9,6931,49700.43779605085,12,4500,17242
6,5669,42047.7938189657,10,3000,15331
5,5372,27617.311939952113,8,3500,11828
9,6873,54362.77351381759,12,4000,18927
5,7412,35047.83528783826,9,2000,12288
7,5783,37524.651927457235,10,3500,14895
7,6523,40538.16275191401,12,5000,17686
8,6205,63527.11865012017,12,4500,18238
